Datetime,Water Level (m)
2025-05-02 00:00:00,-0.47093523
2025-05-02 01:00:00,-0.3795761
2025-05-02 02:00:00,-0.21345939
2025-05-02 03:00:00,-0.00016312089
2025-05-02 04:00:00,0.20538408
2025-05-02 05:00:00,0.35731116
2025-05-02 06:00:00,0.43014747
2025-05-02 07:00:00,0.40025032
2025-05-02 08:00:00,0.2825991
2025-05-02 09:00:00,0.11200607
2025-05-02 10:00:00,-0.06917913
2025-05-02 11:00:00,-0.23218453
2025-05-02 12:00:00,-0.32038635
2025-05-02 13:00:00,-0.35591415
2025-05-02 14:00:00,-0.29951712
2025-05-02 15:00:00,-0.20306091
2025-05-02 16:00:00,-0.058505904
2025-05-02 17:00:00,0.024003198
2025-05-02 18:00:00,0.09442751
2025-05-02 19:00:00,0.09320459
2025-05-02 20:00:00,0.03075718
2025-05-02 21:00:00,-0.09381834
2025-05-02 22:00:00,-0.22612256
2025-05-02 23:00:00,-0.3317725
2025-05-03 00:00:00,-0.38951752
2025-05-03 01:00:00,-0.37957698
2025-05-03 02:00:00,-0.2913962
2025-05-03 03:00:00,-0.14440171
2025-05-03 04:00:00,0.033017874
2025-05-03 05:00:00,0.1955836
2025-05-03 06:00:00,0.31665948
2025-05-03 07:00:00,0.36991736
2025-05-03 08:00:00,0.35023445
2025-05-03 09:00:00,0.25665045
2025-05-03 10:00:00,0.11233426
2025-05-03 11:00:00,-0.03783761
2025-05-03 12:00:00,-0.16011554
2025-05-03 13:00:00,-0.27382722
2025-05-03 14:00:00,-0.30553174
2025-05-03 15:00:00,-0.2623119
2025-05-03 16:00:00,-0.19563267
2025-05-03 17:00:00,-0.095566936
2025-05-03 18:00:00,-0.011982544
2025-05-03 19:00:00,0.04816721
2025-05-03 20:00:00,0.070172384
2025-05-03 21:00:00,0.023780085
2025-05-03 22:00:00,-0.05322908
2025-05-03 23:00:00,-0.15169445
2025-05-04 00:00:00,-0.23823853
2025-05-04 01:00:00,-0.2904423
2025-05-04 02:00:00,-0.28749743
2025-05-04 03:00:00,-0.22506447
2025-05-04 04:00:00,-0.110600874
2025-05-04 05:00:00,0.028528124
2025-05-04 06:00:00,0.15969066
2025-05-04 07:00:00,0.26707196
2025-05-04 08:00:00,0.3276212
2025-05-04 09:00:00,0.32878664
2025-05-04 10:00:00,0.2594404
2025-05-04 11:00:00,0.16282548
2025-05-04 12:00:00,0.066867985
2025-05-04 13:00:00,-0.0037398022
2025-05-04 14:00:00,-0.08715807
2025-05-04 15:00:00,-0.11340191
2025-05-04 16:00:00,-0.08385148
2025-05-04 17:00:00,-0.02471561
2025-05-04 18:00:00,0.045242686
2025-05-04 19:00:00,0.12407057
2025-05-04 20:00:00,0.19702946
2025-05-04 21:00:00,0.23133789
2025-05-04 22:00:00,0.21847321
2025-05-04 23:00:00,0.17283134
2025-05-05 00:00:00,0.10625746
2025-05-05 01:00:00,0.029697988
2025-05-05 02:00:00,-0.02997413
2025-05-05 03:00:00,-0.055411488
2025-05-05 04:00:00,-0.02520706
2025-05-05 05:00:00,0.045034513
2025-05-05 06:00:00,0.15447815
2025-05-05 07:00:00,0.24115203
2025-05-05 08:00:00,0.32969654
2025-05-05 09:00:00,0.3852001
2025-05-05 10:00:00,0.37376362
2025-05-05 11:00:00,0.30251548
2025-05-05 12:00:00,0.19142313
2025-05-05 13:00:00,0.06289338
2025-05-05 14:00:00,-0.06725267
2025-05-05 15:00:00,-0.17003402
2025-05-05 16:00:00,-0.23390926
2025-05-05 17:00:00,-0.24995682
2025-05-05 18:00:00,-0.19144613
2025-05-05 19:00:00,-0.11701839
2025-05-05 20:00:00,-0.02043256
2025-05-05 21:00:00,0.07283543
2025-05-05 22:00:00,0.13417506
2025-05-05 23:00:00,0.123909175
2025-05-06 00:00:00,0.076740384
2025-05-06 01:00:00,0.0027527136
2025-05-06 02:00:00,-0.070864365
2025-05-06 03:00:00,-0.1449447
2025-05-06 04:00:00,-0.17708473
2025-05-06 05:00:00,-0.16562109
2025-05-06 06:00:00,-0.09768838
2025-05-06 07:00:00,-0.0011071305
2025-05-06 08:00:00,0.105277814
2025-05-06 09:00:00,0.206735
2025-05-06 10:00:00,0.2739381
2025-05-06 11:00:00,0.28349045
2025-05-06 12:00:00,0.21609592
2025-05-06 13:00:00,0.086140245
2025-05-06 14:00:00,-0.032237407
2025-05-06 15:00:00,-0.1488125
2025-05-06 16:00:00,-0.25693575
2025-05-06 17:00:00,-0.32342765
2025-05-06 18:00:00,-0.3203057
2025-05-06 19:00:00,-0.24943712
2025-05-06 20:00:00,-0.15834947
2025-05-06 21:00:00,-0.043976095
2025-05-06 22:00:00,0.069905244
2025-05-06 23:00:00,0.13511436
2025-05-07 00:00:00,0.12744701
2025-05-07 01:00:00,0.08509959
2025-05-07 02:00:00,0.0070351777
2025-05-07 03:00:00,-0.08670154
2025-05-07 04:00:00,-0.17543165
2025-05-07 05:00:00,-0.22635591
2025-05-07 06:00:00,-0.21056584
2025-05-07 07:00:00,-0.1524111
2025-05-07 08:00:00,-0.05282475
2025-05-07 09:00:00,0.061774597
2025-05-07 10:00:00,0.16912116
2025-05-07 11:00:00,0.24591084
2025-05-07 12:00:00,0.24874471
2025-05-07 13:00:00,0.15787016
2025-05-07 14:00:00,0.028819107
2025-05-07 15:00:00,-0.12409766
2025-05-07 16:00:00,-0.24645385
2025-05-07 17:00:00,-0.36176163
2025-05-07 18:00:00,-0.38580298
2025-05-07 19:00:00,-0.37547228
2025-05-07 20:00:00,-0.2672614
2025-05-07 21:00:00,-0.14000978
2025-05-07 22:00:00,0.0008403911
2025-05-07 23:00:00,0.11374271
2025-05-08 00:00:00,0.18017443
